{"cameraMode":{"drawMode":0,"name":"Shaded","section":"Shading Mode"},"sceneLighting":false,"audioPlay":false,"sceneViewState":{"m_AlwaysRefresh":false,"showFog":true,"showSkybox":false,"showFlares":true,"showImageEffects":true,"showParticleSystems":true,"showVisualEffectGraphs":true,"m_FxEnabled":true},"in2DMode":false,"pivot":{"x":-0.3886920213699341,"y":0.6247015595436096,"z":0.44145727157592776},"rotation":{"x":0.15822653472423554,"y":-0.23250630497932435,"z":0.03976702317595482,"w":0.9592171907424927},"size":1.4175422191619874,"orthographic":false}