{"cameraMode":{"drawMode":0,"name":"Shaded","section":"Shading Mode"},"sceneLighting":false,"audioPlay":false,"sceneViewState":{"m_AlwaysRefresh":false,"showFog":true,"showSkybox":true,"showFlares":true,"showImageEffects":true,"showParticleSystems":true,"showVisualEffectGraphs":true,"m_FxEnabled":true},"in2DMode":false,"pivot":{"x":-13.529004096984864,"y":-0.20189109444618226,"z":-8.787103652954102},"rotation":{"x":-0.01773928478360176,"y":0.9449379444122315,"z":-0.3230665326118469,"w":-0.05318735912442207},"size":1.9911733865737916,"orthographic":false}