{"cameraMode":{"drawMode":0,"name":"Shaded","section":"Shading Mode"},"sceneLighting":false,"audioPlay":false,"sceneViewState":{"m_AlwaysRefresh":false,"showFog":true,"showSkybox":true,"showFlares":true,"showImageEffects":true,"showParticleSystems":true,"showVisualEffectGraphs":true,"m_FxEnabled":true},"in2DMode":false,"pivot":{"x":-10.226104736328125,"y":2.9807631969451906,"z":-6.688409805297852},"rotation":{"x":0.15312477946281434,"y":0.8130226731300354,"z":-0.23990409076213838,"w":0.5091100931167603},"size":1.7950350046157838,"orthographic":false}